Sample Volume (ml),48.9645,
Titrant normality,0.1,
Equivalent Volume (ml),0.739305,
ANC (eq/L),0.00151,
correlation coefficient,0.999912,
,,
Titrant Volume (ml),pH,F1
0,6.887869,0
0.1,6.986518,0
0.2,6.721113,0
0.3,6.564394,0
0.4,6.468539,0
0.5,6.214279,0.000001
0.6,5.803032,0.000002
0.7,5.290868,0.000005
0.8,4.065912,0.000087
0.9,3.634291,0.000236
1,3.430433,0.000379
